<SOAP-ENV:Body xmlns:SOAP-ENV="http://schemas.xmlsoap.org/soap/envelope/" xmlns:xsd="http://www.w3.org/2001/XMLSchema" xmlns:xsi="http://www.w3.org/2001/XMLSchema-instance">
	<SolicitarAnaliseCreditoRequest xmlns="http://alsb.telemar/xsd/AnaliseCredito/SolicitarAnaliseCredito/">
		<Ator xmlns="http://alsb.telemar/soap/esbUser">
			<sistema>SBL8</sistema>
		</Ator>
		<DadosGerais xmlns="">
			<NumDocumento>12422296718</NumDocumento>
			<TipoDocumento>1</TipoDocumento>
			<GrauRiscoComportamental>0</GrauRiscoComportamental>
			<ScoreRiscoComportamental>0</ScoreRiscoComportamental>
			<GrauComportamentalMarketing>NOVO CLIENTE</GrauComportamentalMarketing>
			<DescMotivoRegularizacao/>
			<IndFraudeTelemar>N</IndFraudeTelemar>
			<IndAprovacaoDocEnderecoIns>1</IndAprovacaoDocEnderecoIns>
			<DataEnvioChecagem>0</DataEnvioChecagem>
			<DataRetornoChecagem>0</DataRetornoChecagem>
			<CodEmpresaChecagem>8</CodEmpresaChecagem>
			<CodTipoAnaliseRequerida>4</CodTipoAnaliseRequerida>
			<NumSequencialTransact>0</NumSequencialTransact>
			<NumProposta>0</NumProposta>
			<NomeCliente>RICHELLE AMANCIO DE PAIVA</NomeCliente>
			<IdentDocumentoCliente/>
			<TipoNomeLogradouroIns>AV GOV LEONEL DE MOURA BRIZOLA</TipoNomeLogradouroIns>
			<NumImovelInstalacao>3885</NumImovelInstalacao>
			<ComplInstalacao>FU</ComplInstalacao>
			<NomeBairroInstalacao>VL CENTENARIO</NomeBairroInstalacao>
			<NomeLocalidadeInstalacao>DUQUE DE CAXIAS</NomeLocalidadeInstalacao>
			<SiglaUfInstalacao>RJ</SiglaUfInstalacao>
			<NumCepInstalacao>25030001</NumCepInstalacao>
			<IndSexo>F</IndSexo>
			<DataNascimento>19870127</DataNascimento>
			<IndEstadoCivil/>
			<DddTelContato>2136596370</DddTelContato>
			<NomePessoaContato>RICHELLE AMANCIO DE PAIVA</NomePessoaContato>
			<NomeFiliacaoMaterna>GERALDA MARIA AMANCIO DE PAIVA</NomeFiliacaoMaterna>
			<CodNaturezaOcupacao/>
			<NomeFantasia/>
			<NomeContato>RICHELLE AMANCIO DE PAIVA</NomeContato>
			<NumBancoDebitoAutomatico/>
			<QteMicrocomputadores>8</QteMicrocomputadores>
			<DddTelefoneReferencia1>2136596370</DddTelefoneReferencia1>
			<NomeReferencia1>RICHELLE AMANCIO DE PAIVA</NomeReferencia1>
			<DddTelefoneReferencia2>2136596370</DddTelefoneReferencia2>
			<NomeReferencia2>RICHELLE AMANCIO DE PAIVA</NomeReferencia2>
			<QteTerminaisSolicitado>1</QteTerminaisSolicitado>
			<NumCanalVendas>Q2</NumCanalVendas>
			<NumPontoVenda>1033772</NumPontoVenda>
			<CodProdutoSolicitado>91</CodProdutoSolicitado>
			<CodRegionalEmpresaOrigem>20</CodRegionalEmpresaOrigem>
			<CodEmpresaOrigemE>20</CodEmpresaOrigemE>
			<IndLocalidadeCertificada/>
			<IndEstacaoCertificada/>
			<IndDebitoParcelado/>
			<FlagPortabilidade>N</FlagPortabilidade>
			<UfReceita/>
			<NomeCrmOrigem>SBL8</NomeCrmOrigem>
			<NomeLinhaNegocio>IPTV</NomeLinhaNegocio>
			<NomeProduto>FIB</NomeProduto>
		</DadosGerais>
	</SolicitarAnaliseCreditoRequest>
</SOAP-ENV:Body>