<soapenv:Body xmlns:oug="http://ougwebcomponent.components.oug.osgi.scorex.com/" xmlns:soapenv="http://schemas.xmlsoap.org/soap/envelope/">
  <oug:ougWS>
    <workflow_name>workflow_soap_Oi</workflow_name>
    <data_flux>
      <item>NumProposta</item>
      <item>0</item>
    </data_flux>
    <data_flux>
      <item>CodCanal</item>
      <item/>
    </data_flux>
    <data_flux>
      <item>Origem</item>
      <item>SBL6</item>
    </data_flux>
    <data_flux>
      <item>TipoAnalise</item>
      <item>4</item>
    </data_flux>
    <data_flux>
      <item>Negocio</item>
      <item>MOVE</item>
    </data_flux>
    <data_flux>
      <item>NomeProduto</item>
      <item>0</item>
    </data_flux>
    <data_flux>
      <item>NumeroSTC</item>
      <item/>
    </data_flux>
    <data_flux>
      <item>CodProduto</item>
      <item>21</item>
    </data_flux>
    <data_flux>
      <item>NumLinhasAtiva</item>
      <item>0</item>
    </data_flux>
    <data_flux>
      <item>DataLinhaAtivaAntiga</item>
      <item/>
    </data_flux>
    <data_flux>
      <item>Portabilidade</item>
      <item>N</item>
    </data_flux>
    <data_flux>
      <item>DiasAtraso</item>
      <item>0</item>
    </data_flux>
    <data_flux>
      <item>GrauRiscoComport</item>
      <item>0</item>
    </data_flux>
    <data_flux>
      <item>ScoreRiscoComport</item>
      <item>0</item>
    </data_flux>
    <data_flux>
      <item>StatusCliente</item>
      <item>Potencial</item>
    </data_flux>
    <data_flux>
      <item>FlagFraude</item>
      <item/>
    </data_flux>
    <data_flux>
      <item>StatusDoc</item>
      <item/>
    </data_flux>
    <data_flux>
      <item>StatusEnderecoCobranca</item>
      <item/>
    </data_flux>
    <data_flux>
      <item>StatusDocCPF</item>
      <item/>
    </data_flux>
    <data_flux>
      <item>StatusOutrosDocs</item>
      <item/>
    </data_flux>
    <data_flux>
      <item>EnderecoRadical</item>
      <item/>
    </data_flux>
    <data_flux>
      <item>StatusReceitaFederal</item>
      <item/>
    </data_flux>
    <data_flux>
      <item>IsencaoDebito</item>
      <item/>
    </data_flux>
    <data_flux>
      <item>PedidoCD06</item>
      <item/>
    </data_flux>
    <data_flux>
      <item>QuantidadeLinhasSolicitadas</item>
      <item>0</item>
    </data_flux>
    <data_flux>
      <item>DataEnvioChecagem</item>
      <item/>
    </data_flux>
    <data_flux>
      <item>DataRetornoChecagem</item>
      <item/>
    </data_flux>
    <data_flux>
      <item>UnidadeNegocio</item>
      <item/>
    </data_flux>
    <data_flux>
      <item>LimiteCreditoExistente</item>
      <item>0</item>
    </data_flux>
    <data_flux>
      <item>RendaMensalFaturamento</item>
      <item/>
    </data_flux>
    <data_flux>
      <item>FaixaRenda</item>
      <item>4</item>
    </data_flux>
    <data_flux>
      <item>ScoreComportMkt</item>
      <item>0</item>
    </data_flux>
    <data_flux>
      <item>EnderecoInad</item>
      <item/>
    </data_flux>
    <data_flux>
      <item>StatusEnderecoInstalacao</item>
      <item/>
    </data_flux>
    <data_flux>
      <item>GrauComportMkt</item>
      <item>0</item>
    </data_flux>
    <data_flux>
      <item>PontoVenda</item>
      <item>0001029190</item>
    </data_flux>
    <data_flux>
      <item>TipoUtilLinha</item>
      <item/>
    </data_flux>
    <data_flux>
      <item>DestinoTelefone</item>
      <item/>
    </data_flux>
    <data_flux>
      <item>FaixaFaturamentoBruto</item>
      <item/>
    </data_flux>
    <data_flux>
      <item>Regional</item>
      <item/>
    </data_flux>
    <data_flux>
      <item>Filial</item>
      <item/>
    </data_flux>
    <data_flux>
      <item>FATB</item>
      <item/>
    </data_flux>
    <data_flux>
      <item>RegiaoEmissaoCPF</item>
      <item/>
    </data_flux>
    <data_flux>
      <item>EstacaoNCertificada</item>
      <item/>
    </data_flux>
    <data_flux>
      <item>IndicadorContest</item>
      <item/>
    </data_flux>
    <data_flux>
      <item>ClienteEndDiferente</item>
      <item/>
    </data_flux>
    <data_flux>
      <item>ParcelamentoAberto</item>
      <item/>
    </data_flux>
    <data_flux>
      <item>ReUF</item>
      <item/>
    </data_flux>
    <data_flux>
      <item>DEBPAGGO</item>
      <item/>
    </data_flux>
    <data_flux>
      <item>Nome</item>
      <item>ITALO ADRIANO DE OLIVEIRA LEMOS</item>
    </data_flux>
    <data_flux>
      <item>NomeConhecido</item>
      <item>ITALO ADRIANO DE OLIVEIRA LEMOS</item>
    </data_flux>
    <data_flux>
      <item>DataNascimento</item>
      <item>29101997</item>
    </data_flux>
    <data_flux>
      <item>ID</item>
      <item>01990156606</item>
    </data_flux>
    <data_flux>
      <item>DadosPrincipaisPFSexo</item>
      <item>M</item>
    </data_flux>
    <data_flux>
      <item>DadosPrincipaisPFEstadoCivil</item>
      <item>C</item>
    </data_flux>
    <data_flux>
      <item>DadosPrincipaisPFNumDependentes</item>
      <item>1</item>
    </data_flux>
    <data_flux>
      <item>DadosPrincipaisPFNaturalidade</item>
      <item/>
    </data_flux>
    <data_flux>
      <item>DadosPrincipaisPFTipoResidencia</item>
      <item>1</item>
    </data_flux>
    <data_flux>
      <item>DadosPrincipaisDataResidencia</item>
      <item>31012017</item>
    </data_flux>
    <data_flux>
      <item>DadosPrincipaisPFNomeMae</item>
      <item>MAGDA APARECIDA LEMOS</item>
    </data_flux>
    <data_flux>
      <item>DadosPrincipaisPFRG</item>
      <item>mg4544</item>
    </data_flux>
    <data_flux>
      <item>DadosProfissionaisPFProfissao</item>
      <item>AUTONMO</item>
    </data_flux>
    <data_flux>
      <item>DadosProfissionaisPFOcupacao</item>
      <item/>
    </data_flux>
    <data_flux>
      <item>DadosProfissionaisPFEmpresa</item>
      <item>ITALO ADRIANO DE OLIVEIRA LEMOS</item>
    </data_flux>
    <data_flux>
      <item>DadosProfissionaisPFDataInicioEmprego</item>
      <item/>
    </data_flux>
    <data_flux>
      <item>DadosProfissionaisPFBancoCorrentista</item>
      <item>0</item>
    </data_flux>
    <data_flux>
      <item>DadosReferenciaBanco</item>
      <item>0</item>
    </data_flux>
    <data_flux>
      <item>DadosReferenciaNome</item>
      <item/>
    </data_flux>
    <data_flux>
      <item>DadosReferenciaTelefone</item>
      <item/>
    </data_flux>
    <data_flux>
      <item>DadosPrincipaisPJRamoAtividade</item>
      <item>0</item>
    </data_flux>
    <data_flux>
      <item>DadosPrincipaisPJQtdeFunc</item>
      <item>0</item>
    </data_flux>
    <data_flux>
      <item>DadosPrincipaisPJSociosNome</item>
      <item/>
    </data_flux>
    <data_flux>
      <item>DadosPrincipaisPJSociosCPF</item>
      <item/>
    </data_flux>
    <data_flux>
      <item>DadosPrincipaisContatoNomeContato1</item>
      <item/>
    </data_flux>
    <data_flux>
      <item>DadosPrincipaisContatoTelefoneContato1</item>
      <item>+5531985564842</item>
    </data_flux>
    <data_flux>
      <item>DadosPrincipaisContatoNome</item>
      <item>0</item>
    </data_flux>
    <data_flux>
      <item>DadosPrincipaisNomeProcurador</item>
      <item/>
    </data_flux>
    <data_flux>
      <item>DadosPrincipaisCPFProcurador</item>
      <item/>
    </data_flux>
    <data_flux>
      <item>DadosPrincipaisContatoTelefoneTrabalho</item>
      <item/>
    </data_flux>
    <data_flux>
      <item>EnderecoClienteLogradouro</item>
      <item>STA FRANCISCA</item>
    </data_flux>
    <data_flux>
      <item>EnderecoClienteAglomerado</item>
      <item/>
    </data_flux>
    <data_flux>
      <item>EnderecoClienteNumero</item>
      <item>901</item>
    </data_flux>
    <data_flux>
      <item>EnderecoClienteComplemento</item>
      <item>0000</item>
    </data_flux>
    <data_flux>
      <item>EnderecoClienteBairro</item>
      <item>APARECIDA 7 SECAO</item>
    </data_flux>
    <data_flux>
      <item>EnderecoClienteCidade</item>
      <item>BELO HORIZONTE</item>
    </data_flux>
    <data_flux>
      <item>EnderecoClienteCEP</item>
      <item>31250150</item>
    </data_flux>
    <data_flux>
      <item>EnderecoClienteUF</item>
      <item>MG</item>
    </data_flux>
    <data_flux>
      <item>EnderecoCobrancaLogradouro</item>
      <item/>
    </data_flux>
    <data_flux>
      <item>EnderecoCobrancaAglomerado</item>
      <item/>
    </data_flux>
    <data_flux>
      <item>EnderecoCobrancaNumero</item>
      <item>901</item>
    </data_flux>
    <data_flux>
      <item>EnderecoCobrancaComplemento</item>
      <item>0000</item>
    </data_flux>
    <data_flux>
      <item>EnderecoCobrancaBairro</item>
      <item/>
    </data_flux>
    <data_flux>
      <item>EnderecoCobrancaCidade</item>
      <item/>
    </data_flux>
    <data_flux>
      <item>EnderecoCobrancaUF</item>
      <item/>
    </data_flux>
    <data_flux>
      <item>EnderecoCobrancaCEP</item>
      <item>31250150</item>
    </data_flux>
    <data_flux>
      <item>TipoID</item>
      <item>1</item>
    </data_flux>
    <data_flux>
      <item>DadosPrincipaisDebitoAutomatico</item>
      <item>0</item>
    </data_flux>
    <data_flux>
      <item>DadosReferenciaAgencia</item>
      <item>0</item>
    </data_flux>
    <data_flux>
      <item>DadosReferenciaNome2</item>
      <item/>
    </data_flux>
    <data_flux>
      <item>DadosReferenciaTelefone2</item>
      <item/>
    </data_flux>
    <data_flux>
      <item>DadosReferenciaNomeFornecedor1</item>
      <item>0</item>
    </data_flux>
    <data_flux>
      <item>DadosReferenciaTelefoneFornecedor1</item>
      <item>0</item>
    </data_flux>
    <data_flux>
      <item>DadosReferenciaNomeFornecedor2</item>
      <item>0</item>
    </data_flux>
    <data_flux>
      <item>DadosReferenciaTelefoneFornecedor2</item>
      <item>0</item>
    </data_flux>
    <data_flux>
      <item>DadosReferenciaNomeFornecedor3</item>
      <item>0</item>
    </data_flux>
    <data_flux>
      <item>DadosReferenciaTelefoneFornecedor3</item>
      <item>0</item>
    </data_flux>
    <data_flux>
      <item>DadosPrincipaisPJSegmento</item>
      <item/>
    </data_flux>
    <data_flux>
      <item>DadosPrincipaisPJNumeroFiliais</item>
      <item/>
    </data_flux>
    <data_flux>
      <item>NomeAutorizado1</item>
      <item>0</item>
    </data_flux>
    <data_flux>
      <item>CPFAutorizado1</item>
      <item>0</item>
    </data_flux>
    <data_flux>
      <item>CargoAutorizado1</item>
      <item>0</item>
    </data_flux>
    <data_flux>
      <item>NomeAutorizado2</item>
      <item>0</item>
    </data_flux>
    <data_flux>
      <item>CPFAutorizado2</item>
      <item>0</item>
    </data_flux>
    <data_flux>
      <item>CargoAutorizado2</item>
      <item>0</item>
    </data_flux>
    <data_flux>
      <item>StatusNomeReceita</item>
      <item>0</item>
    </data_flux>
    <data_flux>
      <item>NumAvulsoSolicitado</item>
      <item>0</item>
    </data_flux>
    <data_flux>
      <item>FlagAlteracaoCadReceita</item>
      <item/>
    </data_flux>
    <data_flux>
      <item>PlanoIncluiTV</item>
      <item>S</item>
    </data_flux>
    <data_flux>
      <item>AnaliseEmpresarial</item>
      <item/>
    </data_flux>
    <data_flux>
      <item>MSISDN</item>
      <item/>
    </data_flux>
    <data_flux>
      <item>MatriculaUsuario</item>
      <item/>
    </data_flux>
    <data_flux>
      <item>CnpjPdv</item>
      <item/>
    </data_flux>
  </oug:ougWS>
</soapenv:Body>