<env:Body xmlns:env="http://schemas.xmlsoap.org/soap/envelope/">
	<ns1:SolicitarAnaliseCreditoRequest xmlns:ns2="http://alsb.telemar/soap/esbUser" xmlns:ns3="http://alsb.telemar/xsd/AnaliseCredito/SolicitarAnaliseCreditoResp/" xmlns:ns4="http://alsb.telemar/soap/esb" xmlns:ns1="http://alsb.telemar/xsd/AnaliseCredito/SolicitarAnaliseCredito/">
		<ns2:Ator>
			<ns2:nomeSolicitante/>
			<ns2:sistema>#SINN</ns2:sistema>
			<ns2:senha>#SINN</ns2:senha>
		</ns2:Ator>
		<DadosGerais>
			<NumDocumento>00028422317672</NumDocumento>
			<TipoDocumento>1</TipoDocumento>
			<CodTipoAnaliseRequerida>4</CodTipoAnaliseRequerida>
			<NumSequencialTransact>0</NumSequencialTransact>
			<NumProposta>10360212</NumProposta>
			<NomeCliente>LUZIA FLORIPES NOGUEIRA</NomeCliente>
			<IdentDocumentoCliente>24388570</IdentDocumentoCliente>
			<TipoNomeLogradouroIns>RUA GONCALVES DIAS</TipoNomeLogradouroIns>
			<NumImovelInstalacao>200</NumImovelInstalacao>
			<NomeBairroInstalacao>SANTA BERNADETE</NomeBairroInstalacao>
			<NomeLocalidadeInstalacao>UBA</NomeLocalidadeInstalacao>
			<SiglaUfInstalacao>MG</SiglaUfInstalacao>
			<NumCepInstalacao>36502146</NumCepInstalacao>
			<IndSexo>F</IndSexo>
			<DataNascimento>19560518</DataNascimento>
			<DddTelContato>3235412313</DddTelContato>
			<NomeFiliacaoMaterna>EPONINA NOGUEIRA DA SILVA</NomeFiliacaoMaterna>
			<TipoNomeLogradouroCobranca>RUA GONCALVES DIAS</TipoNomeLogradouroCobranca>
			<NumImovelCobranca>200</NumImovelCobranca>
			<NomeBairroCobranca>SANTA BERNADETE</NomeBairroCobranca>
			<NomeLocalidadeCobranca>UBA</NomeLocalidadeCobranca>
			<SiglaUfCobranca>MG</SiglaUfCobranca>
			<NumCepCobranca>36502146</NumCepCobranca>
			<NomeCrmOrigem>SIN1</NomeCrmOrigem>
			<NomeLinhaNegocio>OITV</NomeLinhaNegocio>
			<QdtePontosAtivos>1</QdtePontosAtivos>
			<DataPontoAtivoAntigo>02022018</DataPontoAtivoAntigo>
			<TipoContrato>NORMAL DTH</TipoContrato>
		</DadosGerais>
	</ns1:SolicitarAnaliseCreditoRequest>
</env:Body>