<env:Body xmlns:env="http://schemas.xmlsoap.org/soap/envelope/">
	<ns1:SolicitarAnaliseCreditoRequest xmlns:ns2="http://alsb.telemar/soap/esbUser" xmlns:ns3="http://alsb.telemar/xsd/AnaliseCredito/SolicitarAnaliseCreditoResp/" xmlns:ns4="http://alsb.telemar/soap/esb" xmlns:ns1="http://alsb.telemar/xsd/AnaliseCredito/SolicitarAnaliseCredito/">
		<ns2:Ator>
			<ns2:nomeSolicitante/>
			<ns2:sistema>#SINN</ns2:sistema>
			<ns2:senha>#SINN</ns2:senha>
		</ns2:Ator>
		<DadosGerais>
			<NumDocumento>00090700325620</NumDocumento>
			<TipoDocumento>1</TipoDocumento>
			<CodTipoAnaliseRequerida>4</CodTipoAnaliseRequerida>
			<NumSequencialTransact>0</NumSequencialTransact>
			<NumProposta>10360213</NumProposta>
			<NomeCliente>FERNANDO CESAR VENANCIO</NomeCliente>
			<IdentDocumentoCliente>RG 6890457</IdentDocumentoCliente>
			<TipoNomeLogradouroIns>RUA SEIS QD E LOT I</TipoNomeLogradouroIns>
			<NumImovelInstalacao>0</NumImovelInstalacao>
			<NomeBairroInstalacao>CA60 RES JARDIM BRAS</NomeBairroInstalacao>
			<NomeLocalidadeInstalacao>POUSO ALEGRE</NomeLocalidadeInstalacao>
			<SiglaUfInstalacao>MG</SiglaUfInstalacao>
			<NumCepInstalacao>37550022</NumCepInstalacao>
			<IndSexo>M</IndSexo>
			<DataNascimento>19710306</DataNascimento>
			<DddTelContato>3534238850</DddTelContato>
			<NomeFiliacaoMaterna>MARIA ZELIA NORONHA VENANCIO</NomeFiliacaoMaterna>
			<TipoNomeLogradouroCobranca>RUA SEIS QD E LOT I</TipoNomeLogradouroCobranca>
			<NumImovelCobranca>0</NumImovelCobranca>
			<NomeBairroCobranca>CA60 RES JARDIM BRAS</NomeBairroCobranca>
			<NomeLocalidadeCobranca>POUSO ALEGRE</NomeLocalidadeCobranca>
			<SiglaUfCobranca>MG</SiglaUfCobranca>
			<NumCepCobranca>37550022</NumCepCobranca>
			<NumCanalVendas>7</NumCanalVendas>
			<NumPontoVenda>0001033743</NumPontoVenda>
			<NomeCrmOrigem>SIN1</NomeCrmOrigem>
			<NomeLinhaNegocio>OITV</NomeLinhaNegocio>
			<QdtePontosAtivos>0</QdtePontosAtivos>
			<DataPontoAtivoAntigo/>
			<TipoContrato>NORMAL DTH</TipoContrato>
			<LoginUsuario>CC241457</LoginUsuario>
		</DadosGerais>
	</ns1:SolicitarAnaliseCreditoRequest>
</env:Body>