<env:Body xmlns:env="http://schemas.xmlsoap.org/soap/envelope/" xmlns:oug="http://ougwebcomponent.components.oug.osgi.scorex.com/">
	<oug:ougWS>
		<workflow_name>workflow_soap_Oi</workflow_name>
		<data_flux>
			<item>NumProposta</item>
			<item>0</item>
		</data_flux>
		<data_flux>
			<item>CodCanal</item>
			<item>7</item>
		</data_flux>
		<data_flux>
			<item>Origem</item>
			<item>SIN1</item>
		</data_flux>
		<data_flux>
			<item>TipoAnalise</item>
			<item>4</item>
		</data_flux>
		<data_flux>
			<item>Negocio</item>
			<item>OITV</item>
		</data_flux>
		<data_flux>
			<item>NomeProduto</item>
			<item/>
		</data_flux>
		<data_flux>
			<item>NumeroSTC</item>
			<item>10360213</item>
		</data_flux>
		<data_flux>
			<item>CodProduto</item>
			<item/>
		</data_flux>
		<data_flux>
			<item>NumLinhasAtiva</item>
			<item/>
		</data_flux>
		<data_flux>
			<item>DataLinhaAtivaAntiga</item>
			<item/>
		</data_flux>
		<data_flux>
			<item>Portabilidade</item>
			<item/>
		</data_flux>
		<data_flux>
			<item>DiasAtraso</item>
			<item/>
		</data_flux>
		<data_flux>
			<item>GrauRiscoComport</item>
			<item/>
		</data_flux>
		<data_flux>
			<item>ScoreRiscoComport</item>
			<item/>
		</data_flux>
		<data_flux>
			<item>StatusCliente</item>
			<item/>
		</data_flux>
		<data_flux>
			<item>FlagFraude</item>
			<item/>
		</data_flux>
		<data_flux>
			<item>StatusDoc</item>
			<item/>
		</data_flux>
		<data_flux>
			<item>StatusEnderecoCobranca</item>
			<item/>
		</data_flux>
		<data_flux>
			<item>StatusDocCPF</item>
			<item/>
		</data_flux>
		<data_flux>
			<item>StatusOutrosDocs</item>
			<item/>
		</data_flux>
		<data_flux>
			<item>EnderecoRadical</item>
			<item/>
		</data_flux>
		<data_flux>
			<item>StatusReceitaFederal</item>
			<item/>
		</data_flux>
		<data_flux>
			<item>IsencaoDebito</item>
			<item/>
		</data_flux>
		<data_flux>
			<item>PedidoCD06</item>
			<item/>
		</data_flux>
		<data_flux>
			<item>QuantidadeLinhasSolicitadas</item>
			<item/>
		</data_flux>
		<data_flux>
			<item>DataEnvioChecagem</item>
			<item/>
		</data_flux>
		<data_flux>
			<item>DataRetornoChecagem</item>
			<item/>
		</data_flux>
		<data_flux>
			<item>UnidadeNegocio</item>
			<item/>
		</data_flux>
		<data_flux>
			<item>LimiteCreditoExistente</item>
			<item/>
		</data_flux>
		<data_flux>
			<item>RendaMensalFaturamento</item>
			<item/>
		</data_flux>
		<data_flux>
			<item>FaixaRenda</item>
			<item/>
		</data_flux>
		<data_flux>
			<item>ScoreComportMkt</item>
			<item/>
		</data_flux>
		<data_flux>
			<item>EnderecoInad</item>
			<item/>
		</data_flux>
		<data_flux>
			<item>StatusEnderecoInstalacao</item>
			<item/>
		</data_flux>
		<data_flux>
			<item>GrauComportMkt</item>
			<item/>
		</data_flux>
		<data_flux>
			<item>PontoVenda</item>
			<item>0001033743</item>
		</data_flux>
		<data_flux>
			<item>TipoUtilLinha</item>
			<item/>
		</data_flux>
		<data_flux>
			<item>DestinoTelefone</item>
			<item/>
		</data_flux>
		<data_flux>
			<item>FaixaFaturamentoBruto</item>
			<item/>
		</data_flux>
		<data_flux>
			<item>Regional</item>
			<item/>
		</data_flux>
		<data_flux>
			<item>Filial</item>
			<item/>
		</data_flux>
		<data_flux>
			<item>FATB</item>
			<item/>
		</data_flux>
		<data_flux>
			<item>RegiaoEmissaoCPF</item>
			<item/>
		</data_flux>
		<data_flux>
			<item>EstacaoNCertificada</item>
			<item/>
		</data_flux>
		<data_flux>
			<item>IndicadorContest</item>
			<item/>
		</data_flux>
		<data_flux>
			<item>ClienteEndDiferente</item>
			<item/>
		</data_flux>
		<data_flux>
			<item>ParcelamentoAberto</item>
			<item/>
		</data_flux>
		<data_flux>
			<item>ReUF</item>
			<item/>
		</data_flux>
		<data_flux>
			<item>DEBPAGGO</item>
			<item/>
		</data_flux>
		<data_flux>
			<item>Nome</item>
			<item>FERNANDO CESAR VENANCIO</item>
		</data_flux>
		<data_flux>
			<item>NomeConhecido</item>
			<item/>
		</data_flux>
		<data_flux>
			<item>DataNascimento</item>
			<item>06031971</item>
		</data_flux>
		<data_flux>
			<item>ID</item>
			<item>00090700325620</item>
		</data_flux>
		<data_flux>
			<item>DadosPrincipaisPFSexo</item>
			<item>M</item>
		</data_flux>
		<data_flux>
			<item>DadosPrincipaisPFEstadoCivil</item>
			<item/>
		</data_flux>
		<data_flux>
			<item>DadosPrincipaisPFNumDependentes</item>
			<item/>
		</data_flux>
		<data_flux>
			<item>DadosPrincipaisPFNaturalidade</item>
			<item/>
		</data_flux>
		<data_flux>
			<item>DadosPrincipaisPFTipoResidencia</item>
			<item/>
		</data_flux>
		<data_flux>
			<item>DadosPrincipaisDataResidencia</item>
			<item/>
		</data_flux>
		<data_flux>
			<item>DadosPrincipaisPFNomeMae</item>
			<item>MARIA ZELIA NORONHA VENANCIO</item>
		</data_flux>
		<data_flux>
			<item>DadosPrincipaisPFRG</item>
			<item>RG 6890457</item>
		</data_flux>
		<data_flux>
			<item>DadosProfissionaisPFProfissao</item>
			<item/>
		</data_flux>
		<data_flux>
			<item>DadosProfissionaisPFOcupacao</item>
			<item/>
		</data_flux>
		<data_flux>
			<item>DadosProfissionaisPFEmpresa</item>
			<item>FERNANDO CESAR VENANCIO</item>
		</data_flux>
		<data_flux>
			<item>DadosProfissionaisPFDataInicioEmprego</item>
			<item/>
		</data_flux>
		<data_flux>
			<item>DadosProfissionaisPFBancoCorrentista</item>
			<item/>
		</data_flux>
		<data_flux>
			<item>DadosReferenciaBanco</item>
			<item/>
		</data_flux>
		<data_flux>
			<item>DadosReferenciaNome</item>
			<item/>
		</data_flux>
		<data_flux>
			<item>DadosReferenciaTelefone</item>
			<item/>
		</data_flux>
		<data_flux>
			<item>DadosPrincipaisPJRamoAtividade</item>
			<item/>
		</data_flux>
		<data_flux>
			<item>DadosPrincipaisPJQtdeFunc</item>
			<item/>
		</data_flux>
		<data_flux>
			<item>DadosPrincipaisPJSociosNome</item>
			<item/>
		</data_flux>
		<data_flux>
			<item>DadosPrincipaisPJSociosCPF</item>
			<item/>
		</data_flux>
		<data_flux>
			<item>DadosPrincipaisContatoNomeContato1</item>
			<item/>
		</data_flux>
		<data_flux>
			<item>DadosPrincipaisContatoTelefoneContato1</item>
			<item>3534238850</item>
		</data_flux>
		<data_flux>
			<item>DadosPrincipaisContatoNome</item>
			<item/>
		</data_flux>
		<data_flux>
			<item>DadosPrincipaisNomeProcurador</item>
			<item/>
		</data_flux>
		<data_flux>
			<item>DadosPrincipaisCPFProcurador</item>
			<item/>
		</data_flux>
		<data_flux>
			<item>DadosPrincipaisContatoTelefoneTrabalho</item>
			<item/>
		</data_flux>
		<data_flux>
			<item>EnderecoClienteLogradouro</item>
			<item>RUA SEIS QD E LOT I</item>
		</data_flux>
		<data_flux>
			<item>EnderecoClienteAglomerado</item>
			<item/>
		</data_flux>
		<data_flux>
			<item>EnderecoClienteNumero</item>
			<item>0</item>
		</data_flux>
		<data_flux>
			<item>EnderecoClienteComplemento</item>
			<item/>
		</data_flux>
		<data_flux>
			<item>EnderecoClienteBairro</item>
			<item>CA60 RES JARDIM BRAS</item>
		</data_flux>
		<data_flux>
			<item>EnderecoClienteCidade</item>
			<item>POUSO ALEGRE</item>
		</data_flux>
		<data_flux>
			<item>EnderecoClienteCEP</item>
			<item>37550022</item>
		</data_flux>
		<data_flux>
			<item>EnderecoClienteUF</item>
			<item>MG</item>
		</data_flux>
		<data_flux>
			<item>EnderecoCobrancaLogradouro</item>
			<item>RUA SEIS QD E LOT I</item>
		</data_flux>
		<data_flux>
			<item>EnderecoCobrancaAglomerado</item>
			<item/>
		</data_flux>
		<data_flux>
			<item>EnderecoCobrancaNumero</item>
			<item>0</item>
		</data_flux>
		<data_flux>
			<item>EnderecoCobrancaComplemento</item>
			<item/>
		</data_flux>
		<data_flux>
			<item>EnderecoCobrancaBairro</item>
			<item>CA60 RES JARDIM BRAS</item>
		</data_flux>
		<data_flux>
			<item>EnderecoCobrancaCidade</item>
			<item>POUSO ALEGRE</item>
		</data_flux>
		<data_flux>
			<item>EnderecoCobrancaUF</item>
			<item>MG</item>
		</data_flux>
		<data_flux>
			<item>EnderecoCobrancaCEP</item>
			<item>37550022</item>
		</data_flux>
		<data_flux>
			<item>TipoID</item>
			<item>1</item>
		</data_flux>
		<data_flux>
			<item>DadosPrincipaisDebitoAutomatico</item>
			<item/>
		</data_flux>
		<data_flux>
			<item>DadosReferenciaAgencia</item>
			<item/>
		</data_flux>
		<data_flux>
			<item>DadosReferenciaNome2</item>
			<item/>
		</data_flux>
		<data_flux>
			<item>DadosReferenciaTelefone2</item>
			<item/>
		</data_flux>
		<data_flux>
			<item>DadosReferenciaNomeFornecedor1</item>
			<item/>
		</data_flux>
		<data_flux>
			<item>DadosReferenciaTelefoneFornecedor1</item>
			<item/>
		</data_flux>
		<data_flux>
			<item>DadosReferenciaNomeFornecedor2</item>
			<item/>
		</data_flux>
		<data_flux>
			<item>DadosReferenciaTelefoneFornecedor2</item>
			<item/>
		</data_flux>
		<data_flux>
			<item>DadosReferenciaNomeFornecedor3</item>
			<item/>
		</data_flux>
		<data_flux>
			<item>DadosReferenciaTelefoneFornecedor3</item>
			<item/>
		</data_flux>
		<data_flux>
			<item>DadosPrincipaisPJSegmento</item>
			<item/>
		</data_flux>
		<data_flux>
			<item>DadosPrincipaisPJNumeroFiliais</item>
			<item/>
		</data_flux>
		<data_flux>
			<item>NomeAutorizado</item>
			<item/>
		</data_flux>
		<data_flux>
			<item>CPFAutorizado1</item>
			<item/>
		</data_flux>
		<data_flux>
			<item>CargoAutorizado1</item>
			<item/>
		</data_flux>
		<data_flux>
			<item>NomeAutorizado2</item>
			<item/>
		</data_flux>
		<data_flux>
			<item>CPFAutorizado2</item>
			<item/>
		</data_flux>
		<data_flux>
			<item>CargoAutorizado2</item>
			<item/>
		</data_flux>
		<data_flux>
			<item>StatusNomeReceita</item>
			<item/>
		</data_flux>
		<data_flux>
			<item>NumAvulsoSolicitado</item>
			<item/>
		</data_flux>
		<data_flux>
			<item>FlagAlteracaoCadReceita</item>
			<item/>
		</data_flux>
		<data_flux>
			<item>AnaliseEmpresarial</item>
			<item/>
		</data_flux>
		<data_flux>
			<item>MSISDN</item>
			<item/>
		</data_flux>
		<data_flux>
			<item>MatriculaUsuario</item>
			<item/>
		</data_flux>
		<data_flux>
			<item>CnpjPdv</item>
			<item/>
		</data_flux>
		<data_flux>
			<item>CAC</item>
			<item/>
		</data_flux>
		<data_flux>
			<item>NumPontosTVAtivo</item>
			<item>0</item>
		</data_flux>
		<data_flux>
			<item>DataPontoTVAtivoAntigo</item>
			<item/>
		</data_flux>
		<data_flux>
			<item>TipoContrato</item>
			<item>NORMAL DTH</item>
		</data_flux>
		<data_flux>
			<item>LoginUsuario</item>
			<item>CC241457</item>
		</data_flux>
	</oug:ougWS>
</env:Body>