<soapenv:Body xmlns:soapenv="http://schemas.xmlsoap.org/soap/envelope/">
  <SiebelMessage MessageId="" MessageType="Integration Object" IntObjectName="PCS Consultar Transact Request">
    <ListOfPCSConsultarTransact>
      <PCSTransact>
        <PrimaryContactName>0</PrimaryContactName>
        <TempAccountStatus>Potencial</TempAccountStatus>
        <TempAlias>ITALO ADRIANO DE OLIVEIRA LEMOS</TempAlias>
        <TempCargoAutorizado1>0</TempCargoAutorizado1>
        <TempCargoAutorizado2>0</TempCargoAutorizado2>
        <TempCEP>31250150</TempCEP>
        <TempChar01>0</TempChar01>
        <TempChar02>N</TempChar02>
        <TempChar03>N</TempChar03>
        <TempChar04>Y</TempChar04>
        <TempChar05>0</TempChar05>
        <TempChar06>0</TempChar06>
        <TempChar07>0</TempChar07>
        <TempChar08>0</TempChar08>
        <TempChar09>0</TempChar09>
        <TempChar10>0</TempChar10>
        <TempCodigoBanco>0</TempCodigoBanco>
        <TempComplemento>0000</TempComplemento>
        <TempCPFAutorizado1>0</TempCPFAutorizado1>
        <TempCPFAutorizado2>0</TempCPFAutorizado2>
        <TempDataAtivacaoMaisAntiga>0</TempDataAtivacaoMaisAntiga>
        <TempDataFundacao>0</TempDataFundacao>
        <TempDataNascimento>10/29/1997</TempDataNascimento>
        <TempDivergenciaSERASA>N</TempDivergenciaSERASA>
        <TempEndBairro>APARECIDA 7 SECAO</TempEndBairro>
        <TempEndCEP>31250150</TempEndCEP>
        <TempEndCidade>BELO HORIZONTE</TempEndCidade>
        <TempEndComplemento>0</TempEndComplemento>
        <TempEndNumeroPorta>901</TempEndNumeroPorta>
        <TempEstadoCivil>Casado</TempEstadoCivil>
        <TempFaixaFaturamentoAnual>4</TempFaixaFaturamentoAnual>
        <TempGrauComportamentoMKTG>0</TempGrauComportamentoMKTG>
        <TempGraudeRiscoPCS>0</TempGraudeRiscoPCS>
        <TempIdentDebitoAutomatico>0</TempIdentDebitoAutomatico>
        <TempIdentDoc>mg4544</TempIdentDoc>
        <TempIndFraude>0</TempIndFraude>
        <TempIndInadimplente>0</TempIndInadimplente>
        <TempLimiteCreditoExistente>0</TempLimiteCreditoExistente>
        <TempMainPhoneNumber>+5531985564842</TempMainPhoneNumber>
        <TempNacionalidadeCapital>BRA</TempNacionalidadeCapital>
        <TempName>ITALO ADRIANO DE OLIVEIRA LEMOS</TempName>
        <TempNomeAutorizado1>0</TempNomeAutorizado1>
        <TempNomeAutorizado2>0</TempNomeAutorizado2>
        <TempNomeFornecedor1>0</TempNomeFornecedor1>
        <TempNomeFornecedor2>0</TempNomeFornecedor2>
        <TempNomeFornecedor3>0</TempNomeFornecedor3>
        <TempNomeMae>MAGDA APARECIDA LEMOS</TempNomeMae>
        <TempNomeRua>STA FRANCISCA</TempNomeRua>
        <TempNumAgenciaReferencia>0</TempNumAgenciaReferencia>
        <TempNumBancoReferencia>0</TempNumBancoReferencia>
        <TempNumDependentes>1</TempNumDependentes>
        <TempNumDocumento>01990156606</TempNumDocumento>
        <TempNumeroPorta>901</TempNumeroPorta>
        <TempNumFuncionarios>0</TempNumFuncionarios>
        <TempNumLinhasAtivas>0</TempNumLinhasAtivas>
        <TempNumLinhasSolicitadas>0</TempNumLinhasSolicitadas>
        <TempNumMAvulsoSolicitadas>0</TempNumMAvulsoSolicitadas>
        <TempNumProposta>0</TempNumProposta>
        <TempNum01>0</TempNum01>
        <TempNum02>0</TempNum02>
        <TempNum03>0</TempNum03>
        <TempNum04>0</TempNum04>
        <TempNum05>0</TempNum05>
        <TempNum06>0</TempNum06>
        <TempNum07>0</TempNum07>
        <TempNum08>0</TempNum08>
        <TempNum09>0</TempNum09>
        <TempNum10>0</TempNum10>
        <TempOcupacao>Autonômo</TempOcupacao>
        <TempPDV>0001029190</TempPDV>
        <TempProduto>21</TempProduto>
        <TempProfissao>AUTONMO</TempProfissao>
        <TempRamoAtividadeDesc>0</TempRamoAtividadeDesc>
        <TempRecReceita>N</TempRecReceita>
        <TempResidenteDesde>01/31/2017</TempResidenteDesde>
        <TempResPhoneNumber>+5531985564842</TempResPhoneNumber>
        <TempScoreComportamentoMKTG>0</TempScoreComportamentoMKTG>
        <TempScoredeRisco>0</TempScoredeRisco>
        <TempScoredeRiscoComportamental>0</TempScoredeRiscoComportamental>
        <TempSexo>M</TempSexo>
        <TempSituacaoCPF>0</TempSituacaoCPF>
        <TempState>MG</TempState>
        <TempStatNome>0</TempStatNome>
        <TempTelFornecedor1>0</TempTelFornecedor1>
        <TempTelFornecedor2>0</TempTelFornecedor2>
        <TempTelFornecedor3>0</TempTelFornecedor3>
        <TempTipodeAnalise>4</TempTipodeAnalise>
        <TempTipoDoc>CPF</TempTipoDoc>
        <TempTipoResidencia>Própria</TempTipoResidencia>
        <TempCRMOrigem>SBL6</TempCRMOrigem>
        <TempLinhadeNegocio>MOVE</TempLinhadeNegocio>
        <TempProdLinhaNegocio>0</TempProdLinhaNegocio>
      </PCSTransact>
    </ListOfPCSConsultarTransact>
  </SiebelMessage>
</soapenv:Body>