<soapenv:Body xmlns:soapenv="http://schemas.xmlsoap.org/soap/envelope/" xmlns:esb="http://alsb.telemar/soap/esbUser" xmlns:sol="http://alsb.telemar/xsd/AnaliseCredito/SolicitarAnaliseCredito/">
	<sol:SolicitarAnaliseCreditoRequest>
		<esb:Ator>
			<esb:nomeSolicitante>EntireX</esb:nomeSolicitante>
			<esb:sistema>STC</esb:sistema>
		</esb:Ator>
		<DadosGerais>
			<NumDocumento>00093139837291</NumDocumento>
			<TipoDocumento>1</TipoDocumento>
			<CodTipoAnaliseRequerida>1</CodTipoAnaliseRequerida>
			<NumSequencialTransact>0</NumSequencialTransact>
			<NumProposta>0</NumProposta>
			<NomeCrmOrigem>STC</NomeCrmOrigem>
			<NomeLinhaNegocio>FIXA</NomeLinhaNegocio>
			<AnaliseEmpresarial>N</AnaliseEmpresarial>
		</DadosGerais>
	</sol:SolicitarAnaliseCreditoRequest>
</soapenv:Body>